URL,Comment
https://www.reddit.com/r/Resume/comments/1fd0ti2/roast_my_resume_please/,"As a recruiter, I am not sure what job titles you are aiming for, is it for Service Desk Technician?

To help see if this is good we need to know the job titles you are applying for since you need to make your resume for each job title."
https://www.reddit.com/r/Resume/comments/ngtgz8/roast_it_please_havent_got_an_internship_yet/,"Hey there! I hope this could help you with your resume, I found a resume example for[junior software engineer](https://www.resumeprofessionalwriters.com/junior-software-engineer-resume-examples). Good luck to you, and I really hope this could serve as a great reference for you!"
https://www.reddit.com/r/Resume/comments/ngtgz8/roast_it_please_havent_got_an_internship_yet/,"Get rid of your sentence at the top

You need a distinct skills section 
Someone is scanning your resume very quickly and not seeing a clear list of the software you know"
https://www.reddit.com/r/Resume/comments/1dzcf00/roast_my_resume_career_help/,This could easily be one page. I would remove the irrelevant hockey camp experience and all of the volunteer experience.
https://www.reddit.com/r/Resume/comments/1dzcf00/roast_my_resume_career_help/,Make less blurry
https://www.reddit.com/r/Resume/comments/1dzcf00/roast_my_resume_career_help/,"Hi! HR consultant and Resume writer here. Here are the things that catch my eye right off the batt: 
1. With not even being out of school yet there is no reason for your resume to be more than one page. My recommendation is to get rid of the extracurricular section all together. 
2. Move your skills to the very top. This is the most important information I want to know about a candidate - do you have the skills to do the job
3. I would reword some of your statements to be more direct and less wordy."
https://www.reddit.com/r/Resume/comments/1driaka/roast_my_resume/,"Hi,

I hope things are well.

I've noticed a few things about your resume that could use improvement. It's missing key points that set you apart from others in your field:

Lacks key metrics in your experience

Formatting isn't ATS friendly

Education should be at the bottom (you want your last job to be at the front)

I hope this helps. Thanks for allowing me to assist."
https://www.reddit.com/r/Resume/comments/hwxk0z/finance_professional_with_10_years_of_experience/,"I‚Äôm unable to review it clearly with the provided link, it redirects me to ads. Can you DM me and we share emails?"
https://www.reddit.com/r/Resume/comments/1e2ippi/roast_my_resume_it_cs_major/,Put Education below that's my opinion
https://www.reddit.com/r/Resume/comments/1e2ippi/roast_my_resume_it_cs_major/,"Think of your resume as a Sales pamphlet. You need to give motivation to your recruiter to talk to you. Spend few minutes reading about the role and company. Update your resume by discussing something common between your profile and the role that the recruiter is compelled to talk to you. Focus on ""how you did it"" to those common points. If you have any target job in mind you can review and refine your resume for that job using tools like TalentGuide AI."
https://www.reddit.com/r/Resume/comments/1ffbq0l/roast_my_resume/,"In my eyes your Objective is superfluous. Your education and internship already provide information about your skillset and your career interests. 

Your front desk and counselor roles aren't as relevant to the work you're seeking to do, so you can say less about them. 1-2 bullet points. 

Attaining Eagle Scout level speaks for itself. Hiring managers will get it, you don't have to provide a description of the honor. If your service project is relevant to your professional interests, and you're proud to talk about it, you could describe that, to have a conversation-starter at the end of your resume."
https://www.reddit.com/r/Resume/comments/1ffbq0l/roast_my_resume/,Redesign this r√©sum√© into a functional resume and combine it with infographics. That's your best chance to securing more interview opportunities.
https://www.reddit.com/r/Resume/comments/1ffbq0l/roast_my_resume/,"please excuse the text formatting, I was trying to make me anonymous"
https://www.reddit.com/r/Resume/comments/xk3xma/roast_my_resume_again_and_thank_you_for_the_first/,How was your experience at basking nj I have internship offer
https://www.reddit.com/r/Resume/comments/xk3xma/roast_my_resume_again_and_thank_you_for_the_first/,"Don‚Äôt be mad but your formatting is ugly. Follow this r√©sum√©‚Äôs template and it‚Äôll improve yours 100000%

https://www.reddit.com/r/NOTHING/comments/vj8wou/good_resume_format_example/?utm_source=share&amp;utm_medium=ios_app&amp;utm_name=iossmf"
https://www.reddit.com/r/Resume/comments/xk3xma/roast_my_resume_again_and_thank_you_for_the_first/,"Instead of saying ‚Äú50‚Äù I‚Äôd say ‚Äúover 50‚Äù, keeps you from needing to update it often. Add how you improved the company, not just what you do daily.
Edit: I‚Äôm dyslexic I read it wrong, dont say over 50"
https://www.reddit.com/r/Resume/comments/xk3xma/roast_my_resume_again_and_thank_you_for_the_first/,"The alignment is off. I think everything should line up so it can be easier to read. Also, try to add some accomplishments and elaborate what you already have written. For example, presented findings to executives and senior managers in very vague. What kind of findings? Did you find a new way to collect the info you needed? What was the result? Thinking of those kind of things might be more effective."
https://www.reddit.com/r/Resume/comments/xk3xma/roast_my_resume_again_and_thank_you_for_the_first/,"Hi u/makeme_Amillionaire, looks like you might be seeking resume guidance. Most of our posts are from people seeking feedback. Most of the questions can be answered by reading the articles in the sidebar:

‚Æö [I am a Professional Resume Writer and Career Coach - Here are Some Tips](http://www.reddit.com/r/Resume/comments/bg4hmi/i_am_a_professional_resume_writer_and_career/)

‚Æö [Jason's Lean Resume Guide](http://www.reddit.com/r/Resume/wiki/jasons_resume_guide)

‚Æö [A Step-by-Step Guide for the Entry-Level Resume (College Grads / Internship Seekers)](http://www.reddit.com/r/Resume/comments/dqvqi7/a_stepbystep_guide_for_the_entrylevel_resume/)

‚Æö [The Number One Problem](https://www.reddit.com/r/Resume/wiki/jasons_resume_guide/bullets) that most resumes have.

‚Æö [So You're Thinking of Hiring a Resume Writer - Here is What You Should Know](http://www.reddit.com/r/Resume/comments/cizmia/so_youre_thinking_of_hiring_a_resume_writer_here/)

WARNING: We have noticed a recent uptick in spam for task sites like Taskrabbit or Fiverr. NEVER hire someone who directly messages you to solicit services based on your resume post. In-demand and high-quality resume writers do not need to seek out new business through farming r/resume. If you have any questions, feel free to DM the mods.

*I am a bot, and this action was performed automatically. Please [contact the moderators of this subreddit](/message/compose/?to=/r/Resume) if you have any questions or concerns.*"
https://www.reddit.com/r/Resume/comments/8mfiea/my_2018_resume_roast_it_please_urgent_help_please/,"Hi! Your resume is not detailed enough at all. it looks like you have focused a lot on the design which is nice, but you definitely need more on what your roles have been and what you can add to a company."
https://www.reddit.com/r/Resume/comments/8mfiea/my_2018_resume_roast_it_please_urgent_help_please/,"Ok, taking a crack at it:

First of all, the ‚Äúhello‚Äú in the ‚Äúabout‚Äú section is redundant and should be removed. That will free up space for more relevant data and just overall make the resume more professional-looking. Also, I assume that the blacked out box in the ‚Äúabout‚Äú section is your name. You can also remove that, as it is redundant.

Unless a picture on your resume is standard for your industry, which in this case I don‚Äôt think it is, then don‚Äôt put it. It can cause unconscious discrimination either for or against you, and it‚Äôs not worth taking the chance.

I‚Äôd say if you‚Äôre going to keep the title in, then you should tailor it to what types of jobs you‚Äôre looking for. But also I think that it‚Äôs fine without the title as well.

Additionally, I worry that the way your ‚Äúabout‚Äù section is worded implies that you may only be considering these jobs as temporary until your e-commerce platform gets off the ground. That may be true, but not something you necessarily want to broadcast to a potential employer. Try keeping it about your short-term goals to imply that you are legitimately interested in the position you‚Äôre applying for, because otherwise I worry how it will be viewed by employers.

And finally, while visually I like the design, and agree that it is a good format for graphic design positions, it would likely be an ATS nightmare, which might make things difficult for you when looking for office administrator positions. If you really like the design, I would suggest at the very least combining the languages and skills parts (you should not be devoting that much space to one single language fluency which, if you‚Äôre in America, is likely expected of you). Then move the skills section to the right side, and the education section to the bottom of the left side, and then use the additional space to flesh out the descriptions under your experience, as well as to adjust your ‚Äúabout‚Äù section.

That‚Äôs all I‚Äôve got for now, I hope it‚Äôs helpful! Feel free to ask any questions!"
https://www.reddit.com/r/Resume/comments/8mfiea/my_2018_resume_roast_it_please_urgent_help_please/,"I see you guys are looking....but why no inputs?  :\(     

I hope someone can give out their helpful inputs.   I am on the fence with my resume."
https://www.reddit.com/r/Resume/comments/1elkz1c/roast_my_resume_it/,"As a recruiter this resume is very hard for me to read. Please use a boring and basic formatting, those are the best.

In addition to that do the following.

* Every bullet point needs to be in past tense, even if you are still working there. 
* It's been a bit since I recruited for this particular position but I don't see any keywords that would help me with the exception of the 5th bullet as that is a solid one with good keywords. 
* Your bullet points need to be rewritten with keywords in mind. You need to have more bullets like the 5th one, as that is solid, but you do need to write the result of what you do. WHAT the skill is, HOW you used it, and what the RESULT of it was. 

Do the above, which is a lot honestly, and you should start seeing more success."
https://www.reddit.com/r/Resume/comments/1elkz1c/roast_my_resume_it/,"- Switch to traditional resume template (Grayscale bars and fonts give the impression of outdated look regardless).

- Since you're switching careers in a sense, add relevant coursework to possibly hit some keywords

- Experience section to top, though if you have good courses maybe experiment with having Education on top?

- Listing OSs isn't really skills. What did you do within each OS - did you setup AD within windows, spun up Linux Kubernetes Clusters, etc?

- Same with AWS and Azure, each of them of have hundreds of services, which ones do you know and have worked with?

- For projects, get rid of the ""Description"" and just give a couple bullet points on what you did, reduce adjectives a little here as well (""precise penetration tests..."",""diverse threat vectors""). Some are good, but in this scenario, there are too many IMO, and it detracts from what you did/learned.

- You don't really need a location for the projects section

- There are a couple more smallish things, but the above changes should improve your resume quite a bit."
https://www.reddit.com/r/Resume/comments/106xpc4/roast_my_resume/,Tell her to be more explicit in her bullet points and to present tangibles. Her bullet points should reflect explicitly what she is proud + what she *actually* did. Rather than a semi-vague reference to how she helped \_\_\_ or lifted \_\_\_\_.
https://www.reddit.com/r/Resume/comments/1eldlse/can_you_please_review_or_roast_my_resume/,You can add link to showcase your projects.
https://www.reddit.com/r/Resume/comments/1eldlse/can_you_please_review_or_roast_my_resume/,"Your resume is decent. I like that you're using numbers, I think part of the issue here won't even be so much your resume but just the job market. Some employers I've seen for some reason require graduates to have experience, which doesn't make sense to me, I just wonder if the roles you're applying for they are expecting that. 

Someone who studied part time for example and worked part time will get that competitive edge over you.

Can you make a section where you provide links to some of the work that you've done like GitHub maybe? This will make you stand out a lot."
https://www.reddit.com/r/Resume/comments/1eldlse/can_you_please_review_or_roast_my_resume/,"I would suggest to remove the masters then add it later after 3 years of experience. I think because of your master degree you will request a higher salary.. at least that‚Äôs how HR thinks in my country.

Otherwise, it‚Äôs a great resume.
Just make sure you can confidently answer questions related to the projects or certifications, you don‚Äôt want to add them to brag then get burned at the interview."
https://www.reddit.com/r/Resume/comments/1dzcf00/roast_my_resume_career_help/,This could easily be one page. I would remove the irrelevant hockey camp experience and all of the volunteer experience.
https://www.reddit.com/r/Resume/comments/1dzcf00/roast_my_resume_career_help/,Make less blurry
https://www.reddit.com/r/Resume/comments/1dzcf00/roast_my_resume_career_help/,"Hi! HR consultant and Resume writer here. Here are the things that catch my eye right off the batt: 
1. With not even being out of school yet there is no reason for your resume to be more than one page. My recommendation is to get rid of the extracurricular section all together. 
2. Move your skills to the very top. This is the most important information I want to know about a candidate - do you have the skills to do the job
3. I would reword some of your statements to be more direct and less wordy."
https://www.reddit.com/r/Resume/comments/j53rug/good_evening_guys_can_you_please_roast_my_resume/,"I've done a long interview with the CEOs and technical experts at the top 5 resume parsing companies: [Resume Parser CEOs' advice for your resume](https://www.theladders.com/career-advice/resume-parser-ceos-advice-for-your-resume) 

In addition, when you get to 2 years' experience, MeetLeet will [write your technical resume for free](https://signup.meetleet.com/).

The specific feedback that resume parsing companies would have for your resume would be:

* Technical skills section is good. At your level, you may want to clarify expertise vs learning
* Single column only, please
* No photo
* Delete 'achievements / tasks' - that will gum up the parsers
* Use the actual title you had, not 'internship'  


My advice would be:

* Use more numbers to quantify what you did - 'function in a smooth manner' is good, but 'function with 27% less downtime' would be better
* Change your professional headline from 'Software Engineer Student' to 'Junior Software Engineer' - you've shipped code to production, welcome to the profession! :)
* Keep George Orwell close to your heart forever, and reread him every 10 years or so... it pays off!

Hope that's helpful!"
https://www.reddit.com/r/Resume/comments/j53rug/good_evening_guys_can_you_please_roast_my_resume/,"Love George Orwell, but the interests section is unneeded"
https://www.reddit.com/r/Resume/comments/j53rug/good_evening_guys_can_you_please_roast_my_resume/,No photos
https://www.reddit.com/r/Resume/comments/j53rug/good_evening_guys_can_you_please_roast_my_resume/,No problem
https://www.reddit.com/r/Resume/comments/j53rug/good_evening_guys_can_you_please_roast_my_resume/,"1. profile summary is weak
2. from reading your experience and project section you have done things but what tangible benefits came from your work is not highlighted
3. remove the interests add volunteering or certifications
4. languages can be consolidated to one line
5. very poor use of language and some typos"
https://www.reddit.com/r/Resume/comments/zoy796/roast_my_resume_please_i_need_to_get_a_killer/,"Hey OP! It looks like your resume is off to a great start. To make it even better, my main critique would be: 

  
‚Ä¢¬†Your resume is missing out on the opportunity to demonstrate your success in metrics. Each bullet should be constructed with a success verb and a specific numerical accomplishment in your field or role. This entices potential interviewers by providing quantified, proven results and captures you as an achiever rather than just a doer.

‚Ä¢ The verbs in your resume should be strengthened to success verbs. A success verb is stronger than an active verb - active verbs can be neutral in their depiction of your achievements. Active verbs to avoid include managed, had responsibility for, maintained, hired to, etc. Ideally, a resume bullet point never begins with these. In each case, you want to improve the quality of the bullet by upgrading the verb to a success verb. Words like accelerated, decreased, exceeded, maximized, and optimized help recruiters perceive you as someone who gets things done and creates real, measurable change.

  
Feel free to visit my bio for additional resume resources if you're interested!"
https://www.reddit.com/r/Resume/comments/zoy796/roast_my_resume_please_i_need_to_get_a_killer/,"1. Your tenses throughout the resume aren‚Äôt consistent within the jobs. You‚Äôre using present tense for some old positions and past tense for a current one.

2. Eliminate your soft skills and instead demonstrate those in your bullet points.

3. Remove your objective. It just takes up space.

4. Remove the Additional Information section, along with the references available upon request."
https://www.reddit.com/r/Resume/comments/zoy796/roast_my_resume_please_i_need_to_get_a_killer/,"Use the templates posted here. 

1) Don‚Äôt put your full address. Just City/State
2) Put your city/state, phone, &amp; email on one line 
3) Remove your objective. Personally, I think they‚Äôre useless and yours is too long. 
4) Remove soft skills. You can show those in your bullets 
5) Your skills take up too much space. Try formatting like this. Skill 1 | Skill 2 | Skill 3 
6) Take away that entire Additional Information section and the References Upon Request. 
7) Your bullets should be results driven."
https://www.reddit.com/r/Resume/comments/zoy796/roast_my_resume_please_i_need_to_get_a_killer/,[removed]
https://www.reddit.com/r/Resume/comments/gre0tk/need_help_with_my_resume_short_length_programs/,"If they are at the same organization list the name at the top and a short description, put the different roles underneath it, with small descriptions and accomplishments.

&amp;#x200B;

Something like:

Hospital A

\- *6 month long volunteering programs aimed at developing skills and familiarizing with the work environment.*

**Role 1**: Description, Accomplishments

**Role 2**: Description, Accomplishments

**Role 3**: Description, Accomplishments

And you should be able to answer the question from the boba shop guy in a compelling way. Prepare it. If they recruiter is still doubtful, then its probably on them then."
https://www.reddit.com/r/Resume/comments/13a1bnj/not_getting_any_swe_data_related_offers_or/,Please roast ü§£ I like that
https://www.reddit.com/r/Resume/comments/vcfui5/please_roast_my_resume_selftaught_ios_dev/,"Hi u/CyberneticVoodoo, looks like you might be seeking resume guidance. Most of our posts are from people seeking feedback. Most of the questions can be answered by reading the articles in the sidebar:

‚Æö [I am a Professional Resume Writer and Career Coach - Here are Some Tips](http://www.reddit.com/r/Resume/comments/bg4hmi/i_am_a_professional_resume_writer_and_career/)

‚Æö [Jason's Lean Resume Guide](http://www.reddit.com/r/Resume/wiki/jasons_resume_guide)

‚Æö [A Step-by-Step Guide for the Entry-Level Resume (College Grads / Internship Seekers)](http://www.reddit.com/r/Resume/comments/dqvqi7/a_stepbystep_guide_for_the_entrylevel_resume/)

‚Æö [The Number One Problem](https://www.reddit.com/r/Resume/wiki/jasons_resume_guide/bullets) that most resumes have.

‚Æö [So You're Thinking of Hiring a Resume Writer - Here is What You Should Know](http://www.reddit.com/r/Resume/comments/cizmia/so_youre_thinking_of_hiring_a_resume_writer_here/)

WARNING: We have noticed a recent uptick in spam for task sites like Taskrabbit or Fiverr. NEVER hire someone who directly messages you to solicit services based on your resume post. In-demand and high-quality resume writers do not need to seek out new business through farming r/resume. If you have any questions, feel free to DM the mods.

*I am a bot, and this action was performed automatically. Please [contact the moderators of this subreddit](/message/compose/?to=/r/Resume) if you have any questions or concerns.*"
https://www.reddit.com/r/Resume/comments/1e4mdcq/roast_thy_resume_please_send_help/,Hello! I am a resume writer and happy to help!
https://www.reddit.com/r/Resume/comments/1e4mdcq/roast_thy_resume_please_send_help/,"Hi here are some tips:

1. **Quantify Achievements:**
   - Add specific numbers to your accomplishments (e.g., ""% increase in engagement,"" ""managed $X budget"").

2. **Organize Skills:**
   - Group skills into categories (e.g., Technical Skills, Communication Skills) and tailor them to the job.

3. **Improve Readability:**
   - Use consistent bullet points, concise statements, and highlight key achievements with bold or italics. Reduce redundancy in job titles."
https://www.reddit.com/r/Resume/comments/1e4mdcq/roast_thy_resume_please_send_help/,[deleted]
https://www.reddit.com/r/Resume/comments/t3zoci/roast_my_resume_applying_for_design_certification/,"Maybe adjust your margins on the left column so things line up a little nicer. 

Also the typo in Professional Experience."
https://www.reddit.com/r/Resume/comments/t3zoci/roast_my_resume_applying_for_design_certification/,You should show interest in Design
https://www.reddit.com/r/Resume/comments/t3zoci/roast_my_resume_applying_for_design_certification/,"Hi u/ImmediateAmbition333, looks like you might be seeking resume guidance. Most of our posts are from people seeking feedback. Most of the questions can be answered by reading the articles in the sidebar:

‚Æö [I am a Professional Resume Writer and Career Coach - Here are Some Tips](http://www.reddit.com/r/Resume/comments/bg4hmi/i_am_a_professional_resume_writer_and_career/)

‚Æö [A Step-by-Step Guide for the Entry-Level Resume (College Grads / Internship Seekers)](http://www.reddit.com/r/Resume/comments/dqvqi7/a_stepbystep_guide_for_the_entrylevel_resume/)

‚Æö [Jason's Lean Resume Guide](http://www.reddit.com/r/Resume/wiki/jasons_resume_guide)

‚Æö [Better Bullet Builder](https://www.reddit.com/r/Resume/wiki/jasons_resume_guide/bullets)

‚Æö [So You're Thinking of Hiring a Resume Writer - Here is What You Should Know](http://www.reddit.com/r/Resume/comments/cizmia/so_youre_thinking_of_hiring_a_resume_writer_here/)

WARNING: We have noticed a recent uptick in spam for task sites like Taskrabbit or Fiverr. NEVER hire someone who directly messages you to solicit services based on your resume post. In-demand and high-quality resume writers do not need to seek out new business through farming r/resume. If you have any questions, feel free to DM the mods.

*I am a bot, and this action was performed automatically. Please [contact the moderators of this subreddit](/message/compose/?to=/r/Resume) if you have any questions or concerns.*"
https://www.reddit.com/r/Resume/comments/1bw5405/recent_cs_grad_looking_for_cv_review_and_roasting/,"My only comment is that since you are from Egypt, i'de put down your languages spoken. 

Arabic fluent

English fluent 

Just head that one off."
https://www.reddit.com/r/Resume/comments/1bw5405/recent_cs_grad_looking_for_cv_review_and_roasting/,i think your CV is impressive.
https://www.reddit.com/r/Resume/comments/1acetgi/resume_review_hardware_engineer/,"Focus on your achievements rather than listing details of everything you did. It's overwhelming, and I'm not reading all of that.


I want to see bullet points like this: Reduced system power consumption by 15% through innovative circuit design.


Insert some keywords from the job description when appropriate.


The recruiter likely has no idea what any of the stuff on your resume means, they want to get the gist of your experience and skillet and get you in front of a hiring manager and technical team member who knows what any of this is."
https://www.reddit.com/r/Resume/comments/1acetgi/resume_review_hardware_engineer/,I think most of your bullet points are too long and too technical. Imo they should be more about how the work you did brought a benefit to the company.
https://www.reddit.com/r/Resume/comments/196vho1/please_roast_me_i_cant_get_a_job_since_november/,"If I were hiring ppl I would say- reorder it. Put work experience 1st, education 2nd, volunteer 3rd. Probably beef up work experience more, add more skills and achievements and keywords, if for no other reason than it won‚Äôt look like all 3 sections are the same size. I work for a small business so I don‚Äôt know if this is specific to us, but remove location information bc ppl will make assumptions based on locations specified and it‚Äôs really irrelevant"
https://www.reddit.com/r/Resume/comments/196vho1/please_roast_me_i_cant_get_a_job_since_november/,"Hey, this looks impressive. There is a hiring freeze since September, so count that in.

Also You need to scan your resume against potential job description. If you missing keywords - your resume being ignored by software. It‚Äôs called ats software

Here is an app that will help - resumefromspace dot com - has built in ATS scanner 

Hope it helps"
https://www.reddit.com/r/Resume/comments/xy6y52/hello_guys_please_roast_me_16_years_of_experience/,[deleted]
https://www.reddit.com/r/Resume/comments/xy6y52/hello_guys_please_roast_me_16_years_of_experience/,"- Remove the icons
- Left align your education 
-Don't just list your job experience, list impact you made in the companies"
https://www.reddit.com/r/Resume/comments/1dxj82u/roast_my_resume/,"I would say: 

- make different parts more visible (e.g. bold or text bigger the dates, but not other parts too), so you can see different text sizes when you look at it zoomed out - this will bring out clarity, so the recruiter can have a better overview and it will look simple, yet better

- you may add your interests, but I think it's more important to add another soft and hard skills, some of them you can link to any experience - this will compensate for that you don't have that much work history (and it's definitely not expected to be otherwise). 

- compress your sentences - e.g. ""My job was to assemble the desserts"" -&gt; ""Dessert assembling"" 

- keep your personal info to what's shown right now, share as much as you want, but never too much (phone, email and city is okay) 

- try to highlight your education, because of these outstanding marks

**optional** (keeping this format is also great, as I can see what field you are going for):

- maaybe go on canva or some other website where you can download and customize your CV with more features, just to improvise and see how it can look, so you keep being inspired

- maaybe go on LinkedIn or other jobboard websites? 

**extra advice:** And I think this is probably the most important: Don't look for these sales and catering jobs, if you don't want them/ don't stay too long there. Of course, do it, if you actually want to gain experience in these fields, I appreciate that. But I think that the problem here is generally, that we cannot see any of your Computer, Gaming, Mathematics, Physics etc. related work.

Saying this, excuse me if I'm wrong, but don't be scared to dive deep in what you love and start literally anything, but strongly related to your interest (probably Game design?) Start as an intern somewhere, do another volunteership, start as a junior programmer or even Customer support in the Gaming industry. Whatever it is, for how long you want. Just to step in and to be able to say: I did this there, been there done that, that's why I am in this and I have potential for it. 

c:\\slay"
https://www.reddit.com/r/Resume/comments/phjvrj/my_brewer_resume_i_have_a_really_hard_time_with/,"A couple of broad tips - keep the tense the same across points as in responsible, knowledge, train (as opposed to train). Might be nitpicking but "" and more"" on the second line of the some brewing company to knowledge of modern dry hopping including (to me sounds a bit more professional). on this point ""knowledge of"" sounds like a casual understanding; what type of knowledge is this on the job experience, internship, short course etc. specific it will make it sound more legitimate and concrete. The last line re the full building needs an adjective to explain your role - did you independently construct, did you project manage, did you maintain.

Besides this and the formatting tips from the previous commenter i think you've got a very good way of describing your skills. Good luck."
https://www.reddit.com/r/Resume/comments/cc4i20/not_sure_if_should_post_resume_here_or_rroastme/,"\#WHEN POSTING ONLINE TO REDDIT OMIT PERSONAL INFORMATION

&amp;#x200B;

I prefer:

Skills

Education

Experience (Current job on top to last relevant job)

&amp;#x200B;

Trim the fat in your resume, unless you are a decorated professional with extensive experience, I think limiting to a one pager is a good idea.

&amp;#x200B;

What kind of job do you want? Do research and tailor your experience and skills to fit the mold for that position. Start with that kind of stuff. If you want to post an update. I'll be glad to readdress."
https://www.reddit.com/r/Resume/comments/y4oo9k/transitioning_teacher_to_curriculum_design_resume/,"I‚Äôm wondering if the ‚ÄúEarly and Middle Childhood Literacy *Certification*‚Äù belongs in Education or down below in Certifications (other thought was to combine these two sections - it could work for Education field I think)? Or based on the description even Experience? If keeping it in that Education section since it has the most recent date, it would go at the top of that section. I have also always put education/certification at the beginning instead of the end of the resume (education specific from what I remember)

Personally I like [this resource](https://www.wilson.edu/sites/default/files/uploaded/WilsonTeacherResumepacket.pdf) for education specific resumes and some of the transferable skills/ action verbs / buzz words suggested could be helpful here to help give some parts of your resume a facelift. There are some things that could for sure benefit from wordsmithing to read more fluidly. 

For example under Substitute with the bullet starting with ‚ÄúIntegrate.‚Äù You use impactful and impact in the same sentence. By integrating I think it‚Äôs assumed you chose the technology - maybe? And the flow of that sentence (try reading out loud to yourself) has a lot of words without a lot of meaning. Did the technology tools relate to ISTE standards? How did it impact learning/engagement? Increase it, decrease it, maintain it? Was there a learning management system involved (curriculum designers use that ALL the time) or any subscriptions to tech tools you needed to manage that would be relevant? Just food for thought here to help!!"
https://www.reddit.com/r/Resume/comments/y4oo9k/transitioning_teacher_to_curriculum_design_resume/,No resume should be 2 pages
https://www.reddit.com/r/Resume/comments/y4oo9k/transitioning_teacher_to_curriculum_design_resume/,I accidentally posted my non redacted resume yesterday! Here it is! I am a transitioning teacher looking to get into curriculum design preferably in the education sector. I've been revising my resume and would love feedback! Be brutal! Thanks!
https://www.reddit.com/r/Resume/comments/1e4mdcq/roast_thy_resume_please_send_help/,Hello! I am a resume writer and happy to help!
https://www.reddit.com/r/Resume/comments/1e4mdcq/roast_thy_resume_please_send_help/,"Hi here are some tips:

1. **Quantify Achievements:**
   - Add specific numbers to your accomplishments (e.g., ""% increase in engagement,"" ""managed $X budget"").

2. **Organize Skills:**
   - Group skills into categories (e.g., Technical Skills, Communication Skills) and tailor them to the job.

3. **Improve Readability:**
   - Use consistent bullet points, concise statements, and highlight key achievements with bold or italics. Reduce redundancy in job titles."
https://www.reddit.com/r/Resume/comments/1e4mdcq/roast_thy_resume_please_send_help/,[deleted]
https://www.reddit.com/r/Resume/comments/1e3can8/roast_my_resume_because_no_one_ever_taught_me_how/,"what types of jobs are you looking for? food service ? translation ? tech? 

your resume is all over the place. your education is in CS, but your current work experience isn't. so if you're looking for a food service role, they will think you're overqualified, not a good fit. if you're applying for a tech role they will see your most recent role and be confused."
https://www.reddit.com/r/Resume/comments/1e3can8/roast_my_resume_because_no_one_ever_taught_me_how/,Hey there! i can help you out. making it better :)
https://www.reddit.com/r/Resume/comments/1e3can8/roast_my_resume_because_no_one_ever_taught_me_how/,[removed]
https://www.reddit.com/r/Resume/comments/1e3can8/roast_my_resume_because_no_one_ever_taught_me_how/,If you're looking for a cs job you should have some personal projects and links to those projects
https://www.reddit.com/r/Resume/comments/1e3can8/roast_my_resume_because_no_one_ever_taught_me_how/,"Your current role as a Japanese translator should have all of the verbs in present tense, not past &amp; they should never be mixed

Example:

First bullet point starts ""Translated"" so past tense 
Second bullet point is ""Manages"" so present tense 

Should be 

""Translate a diverse array of documents...."" etc to show they are current duties"
https://www.reddit.com/r/Resume/comments/1e3can8/roast_my_resume_because_no_one_ever_taught_me_how/,"Just some thoughts:

The other volunteering/freelancing is kinda odd - ‚Äúother‚Äù makes it sound less important, I‚Äôd give it an umbrella term like ‚ÄúBrand Content Creator‚Äù or ‚ÄúSocial Media Manager‚Äù and list each point below it not as a different ‚Äújob‚Äù 

The skills section is really hard to read through, and you use very vague language ‚Äúlike‚Äù, ‚Äúvarious software‚Äù that doesn‚Äôt really tell me much. I‚Äôd recommend having subsections like ‚ÄúGraphic Software: Blender, Photoshop etc‚Äù but also it‚Äôs all over the place. If you‚Äôre applying to a software engineer position (I‚Äôm assuming based on major) the recruiter won‚Äôt care that you know some of that stuff"
https://www.reddit.com/r/Resume/comments/1e3can8/roast_my_resume_because_no_one_ever_taught_me_how/,Looking good
https://www.reddit.com/r/Resume/comments/1dt6nin/roast_my_resume/,Font name?
https://www.reddit.com/r/Resume/comments/1df8euu/resume_review_request/,"Preface: I'm a corporate hiring manager with a passion for resumes but most experience in manufacturing and supply chain. I am not a computer science expert.

Your tech family and friends are right - this is a solid resume. You could take some nitpicky advice from me like put your experience ahead of your education but that is just chasing marginal improvement.

Challenges you're facing (lack of work experience and a competitive field) are going to be overcome by continued efforts to network and make connections.

Your graduate school almost certainly has a career center with services to help alumni with their job hunt. Have you leveraged any of these resources?"
https://www.reddit.com/r/Resume/comments/y5i0ew/laid_off_and_applyinginterviewing_roast_me_please/,"Hi there!

Maybe you don't need to RIF and Remote. I think these can be discussed when you get the chance to be interviewed. You can also ask for more tips with r/ResumeExperts"
https://www.reddit.com/r/Resume/comments/y5i0ew/laid_off_and_applyinginterviewing_roast_me_please/,"Initial thoughts:

\- Too many bullets. Try shorting those and adding to your daily summary of the job.

\- Remove (RIF) and (Remote)

\- Are the two Seattle jobs the same company?"
https://www.reddit.com/r/Resume/comments/1ff4clv/reviewroast_my_resume/,Probably change it up a little from jobby mcjob faces template
https://www.reddit.com/r/Resume/comments/1ff4clv/reviewroast_my_resume/,damn how'd you transfer from UCSB to berkeley? drop some advice (UCSD soph tryna transfer to berkeley too)
https://www.reddit.com/r/Resume/comments/1ff4clv/reviewroast_my_resume/,Wait what would a math competition help you with?
https://www.reddit.com/r/Resume/comments/v8hmqc/it_professional_resume_reviewroast/,"Suggestions (but remember Rule 3):

* Objective statements went out with the paper resume. [Switch to a Summary](https://www.reddit.com/r/Resume/comments/t8ltht/how_to_write_a_highlights_or_summary_statement/). 
* [Skills sections are largely useless](https://www.reddit.com/r/Resume/comments/t8lamo/why_you_shouldnt_have_a_skills_section/). Instead, move these skills into your bullets somewhere.
* Your experience bullets suffer from [The Number One Problem](https://www.reddit.com/r/Resume/comments/tlfc5a/the_number_one_problem/). 

Good luck! Read. Revise. Repost. And please ask questions!"
https://www.reddit.com/r/Resume/comments/v8hmqc/it_professional_resume_reviewroast/,"Hi u/Frequent-Rhubarb-677, looks like you might be seeking resume guidance. Most of our posts are from people seeking feedback. Most of the questions can be answered by reading the articles in the sidebar:

‚Æö [I am a Professional Resume Writer and Career Coach - Here are Some Tips](http://www.reddit.com/r/Resume/comments/bg4hmi/i_am_a_professional_resume_writer_and_career/)

‚Æö [Jason's Lean Resume Guide](http://www.reddit.com/r/Resume/wiki/jasons_resume_guide)

‚Æö [A Step-by-Step Guide for the Entry-Level Resume (College Grads / Internship Seekers)](http://www.reddit.com/r/Resume/comments/dqvqi7/a_stepbystep_guide_for_the_entrylevel_resume/)

‚Æö [The Number One Problem](https://www.reddit.com/r/Resume/wiki/jasons_resume_guide/bullets) that most resumes have.

‚Æö [So You're Thinking of Hiring a Resume Writer - Here is What You Should Know](http://www.reddit.com/r/Resume/comments/cizmia/so_youre_thinking_of_hiring_a_resume_writer_here/)

WARNING: We have noticed a recent uptick in spam for task sites like Taskrabbit or Fiverr. NEVER hire someone who directly messages you to solicit services based on your resume post. In-demand and high-quality resume writers do not need to seek out new business through farming r/resume. If you have any questions, feel free to DM the mods.

*I am a bot, and this action was performed automatically. Please [contact the moderators of this subreddit](/message/compose/?to=/r/Resume) if you have any questions or concerns.*"
https://www.reddit.com/r/Resume/comments/mhxmkb/roast_my_resume_pt_2/,"Remove your high school 
Cut down on the stuff listed under your college, it‚Äôs so much to likely get read

Reformat to show more about you first. So put your degree title first under education 
Then the university 
You can just say Marymount university; it‚Äôs got university in the name, people know it‚Äôs a college

Do the same thing with your jobs
Put your job title first
Followed by your employer 

Seeing the name of the school first,
My natural bias just assumes your a teacher, which your not. So tell them about you and what you do first, then where you do it"
https://www.reddit.com/r/Resume/comments/mhxmkb/roast_my_resume_pt_2/,"Hey there! Maybe this resume match tool can help! It scans your resume and tells you what it is missing. Hope it helps!

https://www.idealresume.com"
https://www.reddit.com/r/Resume/comments/mhxmkb/roast_my_resume_pt_2/,Choose the right format. The 2-page resume is fine.
https://www.reddit.com/r/Resume/comments/mhxmkb/roast_my_resume_pt_2/,from the feedback on my last post my resume was way too long so I condensed it to two pages. Someone suggested that I only have 4 bullet points per job but I cant help but feel a lot of my experience/accomplishments will be cut out if I do so. Please let me know if you have any more advice/constructive criticism for me!
https://www.reddit.com/r/Resume/comments/ltj6vv/please_roast_my_resume_current_junior_in_college/,[removed]
https://www.reddit.com/r/Resume/comments/tcc8td/applied_at_50_places_for_entrylevel_swe/,"Hey! This isn't going to be a roast as this a great resume, and you obviously seem very knowledgeable, but I do have a couple ideas that come to mind! I'm not too fluent in CS lingo, but my major is in engineering and I have accumulated experience in resumes.

First of all, it's really good that this only one A4. However, it is a bit crowded. The more effective you can make the reading experience, the better.

On general layout: if you're comfortable with it, add a friendly photo of yourself. That's an instant likability &amp; memorability boost. Also on the order of the main subjects: you want this to reflect the priorities in terms of if the reader won't be taking a long read. My current resume is in two columns, but the main one has this order: work experience ‚Äì other experience (your projects) ‚Äì education ‚Äì interests. The work experience first because that's the environment the employee is going to find most common ground with. Also leave empty space, not excess, but let the layout breathe as my graphic design professor would say.

Throughout the resumes text bodies there are key words in bold, but there's quite a lot of both text and bold text, so nothing stands out efficiently. If you can, compress even further and shorten the descriptions. Cut all fluff out, it's going to end up diluting the value.

All in all, keep at it and you'll for sure get selected üòä"
https://www.reddit.com/r/Resume/comments/tcc8td/applied_at_50_places_for_entrylevel_swe/,1 response per 50 applications is normal. You just have to apply to more jobs
https://www.reddit.com/r/Resume/comments/tcc8td/applied_at_50_places_for_entrylevel_swe/,"Excellent job on your resume! Simply keep trying... You've applied to 50 so far, and you'll eventually apply to 500. And you'll almost certainly obtain a fantastic internship as a result of that!"
https://www.reddit.com/r/Resume/comments/16t7l1u/im_a_marketing_student_thats_set_to_graduate_in/,Worked as a designer for a marketing agency. Genuinely curious to know what marketers do?
https://www.reddit.com/r/Resume/comments/16t7l1u/im_a_marketing_student_thats_set_to_graduate_in/,The format is outdated
https://www.reddit.com/r/Resume/comments/16t7l1u/im_a_marketing_student_thats_set_to_graduate_in/,"As a fresh graduate, prior work experience is not your strength. Your energy and desire to learn should be the point that you want to get across.   
For entry-level jobs, hiring managers are looking for graduates who are willing to learn, adaptable, and preferably fast learners. Make sure this gets across your resume or cover letter. Digital Marketing tends to either favor creative type people or process-oriented people."
https://www.reddit.com/r/Resume/comments/16t7l1u/im_a_marketing_student_thats_set_to_graduate_in/,"This should absolutely be one page. 

Your summary says ‚Äú5+ years‚Äù of experience, but your experience section shows nine months of experience. But I‚Äôd probably just remove the whole summary. It‚Äôs not impactful. 

Spell out ‚ÄúBachelor of Arts‚Äù. Include your expected graduate date; you do not need to include the date you started. (Someone glancing at your resume now could easily think you have three more years to go.)

Remove your diploma. 

Put education at the top. 

Some of your bullets in your skills section are misplaced. 

Don‚Äôt use periods after non-sentences. 

Whenever anyone lists ‚Äúpivot tables‚Äù as an Excel skill, it stands out to me that their Excel skills are *really* basic. I would remove all the detail after the MS Office programs. 

‚Äúa week‚Äù should be ‚Äúper week‚Äù."
https://www.reddit.com/r/Resume/comments/1eodmw4/roast_my_resume_put_it_in_oven_lots_of/,"It sounds like you are just spamming your resume to every job. This doesn't work. Mainly because the ATS system in place (it's basically an automated scanner that scans your resume and looks for certain keywords. If your resume is not ATS-optimised, then it's going in the trash before the employer sees it)

remove interests and languages, that's not needed. You only put languages if they require you to speak a certain language. Remove skills to, that should be conveyed in the bullet points.

But it's honestly impossible to tell without you posting the jobs you applied for. Anyone who writes good resumes should ask for that, so it can be tailored properly to the job post."
https://www.reddit.com/r/Resume/comments/1eodmw4/roast_my_resume_put_it_in_oven_lots_of/,"This resume actually seems ok to me, it's just hard when you're right out of school.

Are you just applying online?  This may not work. I would try a ""networking"" approach. For example:

- find people you know who are at companies with open roles where you want to work. Ask them to refer you.

- attend talks or webinars where the speaker works where you want to work. Reach out to them after the talk, compliment them and ask for a coffee chat. 

- if you apply to a role, find the manager or recruiter on LinkedIn or find their email on the website. Email them after you apply to say you're excited about the role and youd love to chat about it. You can sometimes even call the company and ask to speak to the hiring manager. 

- join online communities or attend conferences within your field and connect with people there.

- were any of your profs in industry? Ask them to refer you.

Good luck bud, applying for your first job out of uni SUCKS!

Edit: to me, a 3.5 gpa isn't really impressive enough that it has to be there"
https://www.reddit.com/r/Resume/comments/1eodmw4/roast_my_resume_put_it_in_oven_lots_of/,"- no clickable links - plus they know where to go for your linkedin our github.  even if you have a website, you don't need it to show up as a clickable link, especially if its a PDF.  
- include a brief objective or summary on your work background and role you pursuing  
- Certs and skills at the bottom  
- Are those projects just....school projects? if yes, tie them into your education section"
https://www.reddit.com/r/Resume/comments/196sjj6/please_roast_my_resume_swe/,"Maybe an Objectives section, but it looks good."
https://www.reddit.com/r/Resume/comments/196sjj6/please_roast_my_resume_swe/,"It's good! For some reason I would recommend you add a summary about: who you are, what you do, what are your strong foundations, what are your achievements, and what you seek (what you mostly liked to have an encounter)."
https://www.reddit.com/r/Resume/comments/ue0uph/no_experience_and_trying_to_break_into_it_please/,"Things I noticed (but keep Rule 3 in mind):

* In education/certs sections, the degree ALWAYS goes above certs.
* You generally remove HS degrees when you begin college.
* Education sections are about degrees, not schools. What degree do you hope to get out of your CC time?
* Projects are rarely about what you \*did\*. They are about the problem you solved. That's why I like the STAR method for them.
* Your experience bullets suffer from [The Number One Problem](https://www.reddit.com/r/Resume/comments/tlfc5a/the_number_one_problem/).
* [Skills sections are generally worthless](https://www.reddit.com/r/Resume/comments/t8lamo/why_you_shouldnt_have_a_skills_section/). Interests shouldn't be on resumes. Extracurriculars make for good bullets for your schooling.

Read. Revise. Repost. And please ask questions."
https://www.reddit.com/r/Resume/comments/ue0uph/no_experience_and_trying_to_break_into_it_please/,"Elaborate on projects, classes taken that relate to IT, and mitigate anything that's not IT or related to industry soft skills. You want to make sure to have as many keywords in the resume to get it past an algorithm and dazzle recruiters."
https://www.reddit.com/r/Resume/comments/ue0uph/no_experience_and_trying_to_break_into_it_please/,"Hi u/AskAndYoullBeTested, looks like you might be seeking resume guidance. Most of our posts are from people seeking feedback. Most of the questions can be answered by reading the articles in the sidebar:

‚Æö [I am a Professional Resume Writer and Career Coach - Here are Some Tips](http://www.reddit.com/r/Resume/comments/bg4hmi/i_am_a_professional_resume_writer_and_career/)

‚Æö [Jason's Lean Resume Guide](http://www.reddit.com/r/Resume/wiki/jasons_resume_guide)

‚Æö [A Step-by-Step Guide for the Entry-Level Resume (College Grads / Internship Seekers)](http://www.reddit.com/r/Resume/comments/dqvqi7/a_stepbystep_guide_for_the_entrylevel_resume/)

‚Æö [The Number One Problem](https://www.reddit.com/r/Resume/wiki/jasons_resume_guide/bullets) that most resumes have.

‚Æö [So You're Thinking of Hiring a Resume Writer - Here is What You Should Know](http://www.reddit.com/r/Resume/comments/cizmia/so_youre_thinking_of_hiring_a_resume_writer_here/)

WARNING: We have noticed a recent uptick in spam for task sites like Taskrabbit or Fiverr. NEVER hire someone who directly messages you to solicit services based on your resume post. In-demand and high-quality resume writers do not need to seek out new business through farming r/resume. If you have any questions, feel free to DM the mods.

*I am a bot, and this action was performed automatically. Please [contact the moderators of this subreddit](/message/compose/?to=/r/Resume) if you have any questions or concerns.*"
https://www.reddit.com/r/Resume/comments/1ecad7w/confused_and_worried/,"There probably isn't anything wrong with your resume. 

The market is very tough right now. There is, at best, a 5% response rate. For every 100 applications you send out, you get 5 responses. Not interviews, responses. Interviews are even more rare."
https://www.reddit.com/r/Resume/comments/1ecad7w/confused_and_worried/,"I would maybe try attaching a photocopy of your degree (or transcripts when asked, photocopy as a placeholder if the company doesn‚Äôt ask for transcripts). Do you list any references? I‚Äôve also heard of people attaching documentation of a project he/she did related to the position that is being applied for. Lastly- cover letter and/or professional summary‚Ä¶ do you have that anywhere? (I didn‚Äôt see either)‚Ä¶  cover letters seem to be really important."
https://www.reddit.com/r/Resume/comments/kzk70q/2021_format_roast_my_resume/,"Unfortunately, this will not get through ATS and the format is very non-standard, which will often work against you. Check out my threads below and pay special attention to the entry-level template and the data points, revise and repost.

 [I am a Professional Resume Writer and Career Coach - Here are Some Tips : Resume (1)](https://www.reddit.com/r/Resume/comments/bg4hmi/i_am_a_professional_resume_writer_and_career/) 

 [So You're Thinking of Hiring a Resume Writer - Here is What You Should Know : Resume](https://www.reddit.com/r/Resume/comments/cizmia/so_youre_thinking_of_hiring_a_resume_writer_here/) 

 [A Step-by-Step Guide for the Entry-Level Resume (College Grads / Internship Seekers) : Resume](https://www.reddit.com/r/Resume/comments/dqvqi7/a_stepbystep_guide_for_the_entrylevel_resume/)"
https://www.reddit.com/r/Resume/comments/12t87mq/roast_my_resume/,"**Initial thoughts**

 *  Make one column
 *  Remove skill progress bars
 *  Remove unnecessary details in bullet points so it can be one page
* remove profile replace with one sentence saying what job you'd like
* replace all paragraphs with 2-3 bullet points instead"
https://www.reddit.com/r/Resume/comments/1clvd25/roast_my_resume/,"*Font looks small, might be because of the screenshot
* Too many  entries in experience and projects. Should eliminate some to allow more room for those that remain. Quality, not quantity.

Education

* Would include start and end dates of the masters and bachelor for consistancy with experience section
* Not sure specifying the dollar amount inthe scholarships is relevant. I would cut that unless its there for a specific reason.

Employment Experience

* Would remove the bolded words in your bullet point entries. Too many are used and it reduces the visual clarity, especially since your headers are all bolded.
* Inclusion of numbers like 99% or numbers that are in clean increments of 5% or 10% or similar are immediately suspicious. Real life data is often not this clean. You should represent the true values rather than a rounded/approximate value.

Data Analyst 1

* ""Analyzed and interpreted institutional data using advanced Excel functions"" Kinda vague. What data, what functions? How did you handle the data?
* ""with 99% accuracy"", ""30% increase in user engagement"", ""25% improvement"" are too clean of values. Additionally, these metrics should be better contextualized. 
* Second bullet point has 2 sentences, either combine into a single sentence or split into two different bullet points for consistancy

Data Analyst 2

* ""enhancing data quality"" What does this mean? What data? How did you enhance it? 

Production Analyst

* ""through critical chain theory and statistical analysis."" There is something interesting here but you need to elaborate on it. Currently way too vague
* ""Conducted an optimization analysis"" See above bullet point
* Second bullet point has 2 sentences, either combine into a single sentence or split into two different bullet points for consistancy


Research Analyst

* ""Analyzed fretting wear data"" How did you analyze it? 
* ""Built an SVM model"" can elaborate more here


Key Projects

* Numbers for these entries are suspiciously in increments of 5% or 10%. 
* Wont go into these projects but should either be elaborated on more or cut to make room for other entries.

Technical Skills

* Remove all skills not relevant to the positionyou are applying for.

Certifications

* Each bullet point should be its own line. Could use double column here but would try to avoid that if possible.
* Only include certification if relevant to the role you are applying for"
https://www.reddit.com/r/Resume/comments/1clvd25/roast_my_resume/,"What sort of roles are you applying to? I actually think I am in a similar boat to you (data analyst / scientist) and have always wondered about specific metrics being included as part of a resume. For example, the 99.5% accuracy you quote for one of your projects seems really high (especially in the realm of patient health). Also, handling data with 99% accuracy in your most recent role seems a little vague, how was the data handled?  I appreciate you are quantifying your achievements but hard to tell if it actually means much."
https://www.reddit.com/r/Resume/comments/1fgwa9k/roast_my_resume_been_out_of_school_for_4_years/,"Hi, here are my thoughts: 

* **Emphasize Finance Skills in Job Descriptions**: Focus more on financial analysis and strategic thinking within your automotive roles. Expand on your experience with projections, budgeting, and financial advising.
* **Restructure Sections**: Create two sections: **Finance Experience** and **Additional Work Experience** to highlight relevant finance work while still acknowledging your automotive background.
* **Tailor Career Summary**: Adjust it to focus on finance-related skills such as financial analysis, investment strategy, and client consulting rather than automotive repairs.
* **Quantify Financial Impact**: Add numbers to emphasize your contributions (e.g., increased ROI, cost savings).
* **Move Education Up**: Highlight your finance projects and certifications higher on the resume for visibility.
* **Enhance Skills Section**: Include more finance-related skills like financial modeling, investment analysis, and risk management."
https://www.reddit.com/r/Resume/comments/1ebp1zk/roast_my_resume/,"Hi, here are some suggestions to improve readability:

Increase margins to create more white space around the text.
Use a larger font size between 10 and 12 points for the body text.
Stick to black text for the main body of the resume.
Use bolding sparingly to highlight important section headers.

Also other areas for improvements: 

Content:

The experience section lists several short-term positions. While it‚Äôs great to demonstrate a variety of skills, consider emphasizing the most relevant experience for the specific job you are applying for.

The project descriptions are lengthy Focus on the most impactful achievements and quantify them whenever possible. For instance, instead of saying ‚ÄúDesigned and implemented a platform for listing vending machines,‚Äù you could say ‚ÄúDeveloped an e-commerce platform that increased vending machine listings by 20%‚Äù.

The ‚ÄúSkills‚Äù section lists a wide range of programming languages and technologies. It would be stronger to prioritize the most relevant skills based on the job description.

Here are some additional tips:

Summary Statement: Add a summary statement at the top of the resume to highlight your most relevant skills and experience.

Tailoring: Tailor the resume to each specific job you apply for by incorporating keywords and achievements from the job description."
https://www.reddit.com/r/Resume/comments/ftu68j/can_somebody_please_roast_me_being_in_furlong_and/,"Holy shit this had better not be your real resume. Be better. You are most definitely not cool enough for 2 pages, and no fucking paragraphs.  

So, we're starting over.  Write 2 resumes.  The first one is for humans to read and is written with that in mind. This is the one you email as a PDF and print out for interviews. 

The second one is basically a copy of the first one, but is formatted for robots.  Take all the words of your first resume, and then chop it up following the thousands of guides for beating the HR robots in the database game.  

Formatting rules don't matter to robots, so everything below applies to the first resume. If the robot resume slips over 2 pages, oh well, but it shouldn't be because you added more content that wasn't on the resume for Humans with a hard limit of 1 page.  

Formatting rules very much matter here. It should look [this.](https://www.dropbox.com/s/sp84d6hmcnzc32e/Bro%27s%20Resume.docx?dl=0).  There is a ton of design choices here made with specific intent. 

Nearly every interview I've ever been on the people interviewing me didn't read anything about me until we sat down.  Their first question is almost always just reading the first thing they see on the resume.  So, I make sure that the first thing they see is the job title, not the company by having it centered, bolded, and surrounded by white space. The first bullet point is the first thing I want to talk about.  We'll spend the first 15 minutes on how I'm so awesome in that one role, then realize we're short on time then move onto the next job without any real questions then launch into how I was awesome at the next job on the list. 

Every bullet point is no longer than 2 lines.  Every line uses at least 75% of the space it has.  If you use one line and half of a second line, shorten it to one line or add more until it uses 75%.  If it goes over 3 lines you need to split the bullets. 

Every job has 3-5 bullets.  No more, no less, until you stop getting resume advice from Reddit.  Every bullet must have a number in 
it.  No words can be repeated within a bullet point and no two bullets can start with the same word.  This will force you to write better and follow most rules of grammar. 

One and only one can be a 'job description', which talks about what your responsibilities were.  That's ""Assisted the Business manager in running a $4m/yr business""

The next bullet should be a personal accomplishment.  ""Employee of the month 5 times"", ""Earned Food Safety Certification"", ""Got 5 gold stars and a free cookie"" something YOU did because YOU are so awesome at YOUR job.  

The last bullet should be a Team Accomplishment.  ""Store sales increased 10%"", ""Our restaurant voted #1 in the franchise network"", something the TEAM did while you were there, and why YOU helped make that happen. 

Bullets 4 &amp; 5 are up to two more Personal or Team accomplishments.  Then move on to the next job, following the same rules. 

Until you know better, write up your education as if it were a job, and follow the same rules.  Bold and center the degree or the school, whichever you think is more valuable. ""Job Description"" should describe the program and your senior classes, and the team and personal accomplishments should cover your coursework and extracurricular. 

EVERYTHING on this resume should focus on why YOU are AWESOME.  Do not admit any faults.  By all means, DO NOT LIE, but if they want dirt on you, make them go digging for it themselves. 

Common advice is to put education up top and list your jobs in chronological order.  Personally, I don't subscribe to that, because my GPA sucked and I'd spend the first 15 minutes digging myself out of a very deep hole.  When I started putting what I was most awesome at up top, and education at the bottom, companies would see my GPA and start making excuses FOR me because they were already sold."
https://www.reddit.com/r/Resume/comments/ftu68j/can_somebody_please_roast_me_being_in_furlong_and/,"this is way too long, change the paragraphs to bullet points. No one wants to read blocks of text."
https://www.reddit.com/r/Resume/comments/ftu68j/can_somebody_please_roast_me_being_in_furlong_and/,"Disclosure, I'm in the hospitality sector at the moment and looking for a career change"
https://www.reddit.com/r/Resume/comments/1ci8rz6/roast_my_resume_looking_to_move_from_sales_to/,"I understand completely. Having a marketing degree, I still don't like sales.. Fortunately, I've also got tech experience like you, so I decided to go for my CCNA &amp; see how far I can get.. good luck, dude, I wish you the best.."
https://www.reddit.com/r/Resume/comments/1coqnjn/applied_150_jobs_not_a_single_call_suggest_me_the/,"General thoughts

* Professional summaries should be only utilized if you can highlight something unique to you that adds color to your resume and is relevant toteh position you are applying for. Current iteration does not do this. I would strongly consider rewriting or removing.
* Skills section should be a quick list of relevant skills to the position you are applying for.
* No need to specify the amount of time you were in the position for. Only include the start and end dates
* You bullet points seem to be an itemized list of your responsibilties. They should instead be used to show off your specific accomplishments and achievements. Utilize a format like ""I used X to do Y, resulting in Z"" or similar where  Z is some sort of quantifiable metric that shows off your specific impact on the  project/position.
* Bullet points are also fairly vague. You say things like ""Maintain average producuon goal above 95% consistently."" How did you do this? What tools/technologies/strategies were used to achieve this? These questions should be addresssed when you write bullet points for the positions"
https://www.reddit.com/r/Resume/comments/1b0nvwo/roast_my_cv_10_years_of_experience_and_im/,It's too long and something about the formatting feels like a serial killer put it together. No offense
https://www.reddit.com/r/Resume/comments/1b0nvwo/roast_my_cv_10_years_of_experience_and_im/,"That section labeled target role sounds like a summary, not the role you are targeting.  Also would be easier to read if it was bulleted.  Put your skills up front not at the  end of page 2."
https://www.reddit.com/r/Resume/comments/1b0nvwo/roast_my_cv_10_years_of_experience_and_im/,"Remove company descriptions
And Remove your first paragraph - that‚Äôs the kind of thing a cover letter is for."
https://www.reddit.com/r/Resume/comments/1crlwm8/cant_get_interviews_roast_my_resume/,"I would take out schools and internships in graphic design to¬†put more focus¬†on relevant experience.

Your experience is¬†fine for an entry-level role, you should apply more."
https://www.reddit.com/r/Resume/comments/1crlwm8/cant_get_interviews_roast_my_resume/,"Education

* Not too sure what the other two school entries are and how they are relevant to you. If it is highschool or similar, I would remove it. You are at the point in your life where your university degree superscedes a high school degree. 

Experience

* Bullet points are all very vague and do not provide meaningful details on your contributions and the effects of those contributions. Format should be somethjing like ""I used X to do Y, resulting in Z"" where Z is some sort of quantifiable metric.


Projects

* See experience section
* Remove some projects that are less relevant to the role you are applying for. Use the saved space to elaborate more on other entries.

Technical Skills

* Remove skills  unlreated to the position you are applying for.
* Move relevant coursework to be under your college entry in Education


Achivements

* Remove AISSCE and AISSE award bullet point if it is highschool or similar
* Hackathon bullet point should be moved over to relevant project in Projects section
* Kaggle certification should be in new section called Certifications. PReferably include other relevant certifications in the new section"
https://www.reddit.com/r/Resume/comments/1crlwm8/cant_get_interviews_roast_my_resume/,"Zero effort resume. Your resume doesnt have any impactful experience and is not at all impressive for a BTech degree holder. It looks like this resume is made by a 5th grader. Are you sure you are aware of the tech market?

You should re-write all the points. 
Example, for your Python Developer Intern, you can describe it as ‚ÄúDeveloped automated data scraper using selenium to &lt;why was it useful or what was the impact to the company/team&gt;‚Äù.

Remove high school education- no one cares.

Check out other resumes in this sub and learn from them."
https://www.reddit.com/r/Resume/comments/1elrm6c/please_roast_and_review_my_resume_i_applied_for/,"Upload it to chat gpt plus resume builder explain that it's bloated, give it an idea of roles your looking for and ask it to rewrite based on they then work of that right now you have too much info and change the format use resumatic AI re-upload that here and go from there right now your take this subreddit as a case study I guarantee not one person was bothered reading all that"
https://www.reddit.com/r/Resume/comments/1elrm6c/please_roast_and_review_my_resume_i_applied_for/,"Hmm... by some one who is actively reviewing resumes but for a different role, your resume is bloated. If a person truly knew that many technologies from head to toe, he/she would be running their own startup. I say this because years ago, my resume looked the same.

There is no way, you can know everything about K8s, Monitoring Infrastructure, ML, and frameworks.

Seriously, its too bloated and too generic. Your experience should be at the top, then education, then experience, and then projects - maybe 1 or 2 top most or something you are really proud of or can talk hours on end. Otherwise, remove everything else."
https://www.reddit.com/r/Resume/comments/1elrm6c/please_roast_and_review_my_resume_i_applied_for/,"ML Dev here: I think that 2 pages would be fine for a senior role/researcher with a lot of publications. You are not that. Keep it to 1 page, people don‚Äôt need to know about every single thing you‚Äôve ever done."
https://www.reddit.com/r/Resume/comments/1elrm6c/please_roast_and_review_my_resume_i_applied_for/,"Your resume is amazing. I am not sure where you are applying, but get to some big-name companies, like Google and Microsoft. My guess is you are over qualified or they don't want to pay what you deserve. You can easily get a six-figure job with your background. Don't settle."
https://www.reddit.com/r/Resume/comments/1elrm6c/please_roast_and_review_my_resume_i_applied_for/,"My only suggestion is to remove the worst projects you've done that don't contribute much, and add more whitespace between lines and sections."
https://www.reddit.com/r/Resume/comments/1elrm6c/please_roast_and_review_my_resume_i_applied_for/,"Education should be at the top, need more white spaces; exclude all the projects that‚Äôs not relevant to the roll, keep the recent or important ones and make it easier to read. This looks more like an essay."
https://www.reddit.com/r/Resume/comments/1elrm6c/please_roast_and_review_my_resume_i_applied_for/,"/thread

btw I applied for 5640 jobs and nothing"
https://www.reddit.com/r/Resume/comments/1elrm6c/please_roast_and_review_my_resume_i_applied_for/,[removed]
https://www.reddit.com/r/Resume/comments/1elrm6c/please_roast_and_review_my_resume_i_applied_for/,"Hi, here is some constructive feedback: 

	1.	Overloaded and Unreadable: The resume is packed with too much text, making it hard to read. Simplify and add more white space.

	2.	Repetitive Information: You mention the same skills and tools in multiple sections. This redundancy clutters the resume.

	3.	Lacks Prioritization: With so many projects and experiences listed, it‚Äôs difficult to see what‚Äôs most important. Focus on highlighting the most relevant work.

	4.	Formatting Problems: The inconsistent layout, varying bullet points, and section headers make it look unprofessional.

	5.	Jargon-Heavy Summary: Your professional summary is too long and full of jargon. Simplify it and highlight key strengths.

	6.	Inconsistent Acronyms: Define acronyms when first used and stick with them throughout.

	7.	Disorganized Experience Section: This section blends project details with job duties, making it hard to follow. Separate and clarify these points.

	8.	Confusing Education Timeline: The overlapping dates of your Master‚Äôs program and recent work experience are unclear. Clarify this to avoid confusion.

	9.	Overly Technical Projects: The research and projects sections are too detailed. Summarize the outcomes and impact instead of listing every technology.

	10.	Not Tailored: The resume feels generic. Customize it for the specific job you‚Äôre applying for to make a better impression.

Good Luck üçÄ"
https://www.reddit.com/r/Resume/comments/1elrm6c/please_roast_and_review_my_resume_i_applied_for/,that‚Äôs an essay not a resume üò≠
https://www.reddit.com/r/Resume/comments/1elrm6c/please_roast_and_review_my_resume_i_applied_for/,Fuck everyone and the career systems
https://www.reddit.com/r/Resume/comments/1elrm6c/please_roast_and_review_my_resume_i_applied_for/,"This would be ""okay"" if you were aiming to craft a CV. But because this is supposed to be a resume, omit that second page. You could use one or two of those projects as potential talking points depending on interviews.

Furthermore:

* Education should be closer to the top with your skills
* Omit your professional summary because of redundancy
* Reword your bullets; they need to be more brief and have quantification
* Consider spacing on this one page
* Do not bold anything"
https://www.reddit.com/r/Resume/comments/1elrm6c/please_roast_and_review_my_resume_i_applied_for/,Bolding is subjective and does nothing for you
https://www.reddit.com/r/Resume/comments/1elrm6c/please_roast_and_review_my_resume_i_applied_for/,"I'm not a recruiter nor in the engineering field (I did study CS for a bit though) but am a hiring manager.

There is way too much content to absorb. You don't need to paint your entire work history, just need enough to check some mental boxes and impress the recruiter and/or hiring manager. I think people spend 2-3 minutes reading through a resume. 

See if you can fold a few of the projects into the roles you had previously listed."
https://www.reddit.com/r/Resume/comments/1elrm6c/please_roast_and_review_my_resume_i_applied_for/,All I see is a pdf with a black middle and white border
https://www.reddit.com/r/Resume/comments/1elrm6c/please_roast_and_review_my_resume_i_applied_for/,"Very busy and overwhelming to gain an understanding of your vast experience. 

-Overall: get rid of the second page, that emergency real estate because you should aim for a one page resume. If they want to learn about your projects they can use the Portfolio, LinkedIn, and GitHub links. When you‚Äôre rewriting the resume keep in mind that your goals are to get pass the ATS and HR people to get an interview with the actual subject matter experts who will understand your expertise. 

Professional Summary: rewrite this section and think of it as a blurb to introduce yourself professionally. Imagine you ran into somebody who knew a hiring manager for your ideal job but they aren‚Äôt familiar with your field. What do you want them to say when they‚Äôre  talking about you? ‚ÄúApplied Scientist intern with 5+ years experience in‚Ä¶‚Äù. Now put your professional strengths/technical abilities and the value you‚Äôve created for the organizations you‚Äôve worked with. Leave off the parentheses containing how long you‚Äôve done each thing, you can say that in the interview and free up some space. 

Research experience: for the completed research I would rewrite it to include a quantifiable value/insight you gained. For the ongoing research list the quantifiable goal you hope to reach or the quantifiable insight you‚Äôve gained so far, whichever you think is more impressive. Keep the actual bullet summarizing the action you took simple and add an additional bullet to list the Tools/Technical Skills you used. 

Experience section: the data scientist/cloud engineer job is the strongest part but I would tweak everything. Remember you‚Äôre going to include a bullet point that lists your technical skills/tools you used for the entire job so you can make your actual job summary simpler to understand. It should be action took+problem solved+quantifiable value generated. 

Example: Lead the creation and deployment of automation bots to streamline email management and file download, resulting 10 man-hours saved weekly. 

For the above example I would suggest comparing the new business value generated by your action to the previous benchmark and presenting it as a percentage so it‚Äôs easier to understand for someone who doesn‚Äôt work in your field. So an example would be if before your bots were deployed it took 20 hours to manage the emails/file downloads. 

The bullet point would say:  Lead the creation and deployment of automation bots to streamline email management and file download, resulting in 50% reduction in man-hours."
https://www.reddit.com/r/Resume/comments/1elrm6c/please_roast_and_review_my_resume_i_applied_for/,"Guy, ... learn how to use white space to your advantage."
https://www.reddit.com/r/Resume/comments/1elrm6c/please_roast_and_review_my_resume_i_applied_for/,"To much content for a resume, instead of a 2nd full page, try to create a portfolio for your projects and share its link in the contact section"
https://www.reddit.com/r/Resume/comments/1elrm6c/please_roast_and_review_my_resume_i_applied_for/,Too many words! Try to be more consise
https://www.reddit.com/r/Resume/comments/1elrm6c/please_roast_and_review_my_resume_i_applied_for/,Jesus Christ it looks like an Ai generated your resume
https://www.reddit.com/r/Resume/comments/1elrm6c/please_roast_and_review_my_resume_i_applied_for/,[deleted]
https://www.reddit.com/r/Resume/comments/1elrm6c/please_roast_and_review_my_resume_i_applied_for/,Way too many words dog !!
https://www.reddit.com/r/Resume/comments/1elrm6c/please_roast_and_review_my_resume_i_applied_for/,"summarize your roles and responsibilities at each company 

Then Pick top 2-3 projects at every company and just do key accomplishments and quantify them on impact

Late edit: I‚Äôll also add that you should probably have a flavor of resume for each of the job type you are applying to, and pick the projects and storyline that supports that specific job type"
https://www.reddit.com/r/Resume/comments/1elrm6c/please_roast_and_review_my_resume_i_applied_for/,There‚Äôs way too much text here. It‚Äôs two full pages of wall to wall text. It‚Äôs overwhelming for any recruiter to look at
https://www.reddit.com/r/Resume/comments/1elrm6c/please_roast_and_review_my_resume_i_applied_for/,[deleted]
https://www.reddit.com/r/Resume/comments/1elrm6c/please_roast_and_review_my_resume_i_applied_for/,"My background is in tech recruiting and career coaching.

When it comes to resumes, too much content can be overwhelming for both ATS and recruiters.

If you'd like assistance with building an effective re-design that will get interviews, I'd be happy to help."
https://www.reddit.com/r/Resume/comments/1elrm6c/please_roast_and_review_my_resume_i_applied_for/,"A lot going on brother, tone it down to only valuable information for the job you are applying to"
https://www.reddit.com/r/Resume/comments/1elrm6c/please_roast_and_review_my_resume_i_applied_for/,"It looks way too busy and overwhelming. It's quite difficult to read. With as much text as there is, the words emphasized in bold also don't really stand out."
https://www.reddit.com/r/Resume/comments/1acetgi/resume_review_hardware_engineer/,"Focus on your achievements rather than listing details of everything you did. It's overwhelming, and I'm not reading all of that.


I want to see bullet points like this: Reduced system power consumption by 15% through innovative circuit design.


Insert some keywords from the job description when appropriate.


The recruiter likely has no idea what any of the stuff on your resume means, they want to get the gist of your experience and skillet and get you in front of a hiring manager and technical team member who knows what any of this is."
https://www.reddit.com/r/Resume/comments/1acetgi/resume_review_hardware_engineer/,I think most of your bullet points are too long and too technical. Imo they should be more about how the work you did brought a benefit to the company.
https://www.reddit.com/r/Resume/comments/18ou8vn/rate_my_resume/,"Okay, here are my observations:
‚Ä¢ No professional summary
‚Ä¢ Improper formatting: since you have few years of working experience, your leadership section is supposed to come after your education section.
‚Ä¢ Your work experience does not talk about your achievements... it's role centered.
‚Ä¢ There is no overview for each job you did
‚Ä¢ Your projects should have timeline (duration) too

All I can see with a glance though. You might also want to consider if your resume is targeted."
https://www.reddit.com/r/Resume/comments/lifcc9/roast_my_resume/,[removed]
https://www.reddit.com/r/Resume/comments/jjpi12/graduating_in_2_months_with_a_degree_in/,"Why would someone roast you? I know several people who got nice jobs in accounting. Unless you hate it, I don't see that as a useless degree."
https://www.reddit.com/r/Resume/comments/jjpi12/graduating_in_2_months_with_a_degree_in/,"Hey!

Only have a single line of courses, add a summary, education, experience, then projects, then skills, then activities.

Add more impact to your job descriptions"
https://www.reddit.com/r/Resume/comments/jjpi12/graduating_in_2_months_with_a_degree_in/,Your bullets are missing the ‚Äúso what‚Äù. You tell what you did but not the outcome. Look into the STAR method and work that into your role experiences.
https://www.reddit.com/r/Resume/comments/jjpi12/graduating_in_2_months_with_a_degree_in/,"\- nowhere does it say what position you're applying for

\- Unless people know what ""AVID"" is, maybe say what is it

\- always order things in order of importance/relevance for the role you're applying for (are your ""Activites"" more relevant thant your ""Skills""? Doubt it)

\- It's a fair guess that people don't need to know what courses are included in your BA (again, unless it's relevant)

I would suggest you use an app like [upmycv.com](https://upmycv.com) to help guide you through all the steps to a great resume.

Hope this helps!"
https://www.reddit.com/r/Resume/comments/1glnruy/roast_my_resume_please_gamevr_developer_is_this_a/,those bullets mark(diamond) looks bad in the header change the style
https://www.reddit.com/r/Resume/comments/1glnruy/roast_my_resume_please_gamevr_developer_is_this_a/,"Two pages is too long, shrink it to 1"
https://www.reddit.com/r/Resume/comments/1frf4dd/roast_my_resume_i_wanna_know_how_bad_it_could_be/,.
https://www.reddit.com/r/Resume/comments/1frf4dd/roast_my_resume_i_wanna_know_how_bad_it_could_be/,"IT Recruiter/Career coach here to tell you the truth about your resume.

Its.....not good. I am sorry. I found almost nothing I would need to move you forward as a full stack engineer. Your bolding is distracting and the only keyword I found was Kubernetes that is really a secondary keyword compared to what I want to see.

Not trying to be cruel but you will need to remake this from scratch using the following formula 

* Your first bullet under each job needs to be a summary of your duties that a 12 year old can understand, this is not a metaphor that is how basic you need your first sentence.
* Every other bullet needs to be a keyword and/or a brag, with keywords being more important. If it doesn‚Äôt have a keyword and/or brag, than it shouldn‚Äôt exist in your resume bullets.
   * Keywords are what the job description has under ‚Äúqualifications‚Äù, ‚ÄúMust have‚Äù or ‚ÄúNeeded Skills‚Äù. If¬†
   * Brags need to be understood by someone with no industry knowledge, and if you don‚Äôt have hard numbers you can use awards, or customer feedback, or results.
* Example of a good brag with keywords is ‚ÄúUsed Excel to create a sales document for our team that was praised by my direct manager, for helping us sell more products.‚Äù
* WHAT the skill is, HOW you used it, and what the RESULT of it was

The keywords I would needed for a full stack position is going to be TypeScript, JavaScript, HTML, CSS, React, Node, Angular, and another primary language such as Python, C, or Java."
https://www.reddit.com/r/Resume/comments/1f3f6qh/in_need_of_some_serious_roasting_and_advice_for/,"What‚Äôs up. You asked for ‚Äúserious roasting‚Äù so I‚Äôll be pretty serious lol:

- Unless it‚Äôs the current year (2024) you do not necessarily need to include the month you joined &amp; left a team.

- Under experience, just include the bullets &amp; bold printed words. You do not necessarily need to explain it out. If they‚Äôre curious, they will ask you in the interview. 

- Under Education, is that ‚Äú3.7‚Äù your GPA? If so, great job! However, companies don‚Äôt care very much about your GPA anymore, just whether you have experience &amp; ‚Äúwhat makes you different compared to everyone else‚Äù. However, you can include ‚ÄúCum Laude, Magna Cum Laude, etc‚Äù if you did qualify.

- Great job with ‚ÄúINVOLVEMENT‚Äù üëçdid you also participate in any music ensembles?

- Skills is fine, however look over the words again &amp; try to minimize as much as possible.

Employers receive so many resumes every day so the shorter, the better. Gives them less of a headache.

Good luck! üëç"
https://www.reddit.com/r/Resume/comments/aliiq0/i_recently_received_the_privilege_of_putting/,"Generally speaking from a management perspective, I'd look for things that imply responsibility and independence. A few of these are good items that you could have a better spin on. 

* Developed and coordinated employee schedules
* Acted as liason with facilities administration (not really sure what this one means-- were you informing others or were they informing you? Could go a lot of different ways.
* Managed fleet of staff vehicles
* Conducted regular communication with residents' families
* Handled accidents and emergencies as needed

That type of phrasing is might come across as more managerial."
https://www.reddit.com/r/Resume/comments/1bw5405/recent_cs_grad_looking_for_cv_review_and_roasting/,"My only comment is that since you are from Egypt, i'de put down your languages spoken. 

Arabic fluent

English fluent 

Just head that one off."
https://www.reddit.com/r/Resume/comments/1bw5405/recent_cs_grad_looking_for_cv_review_and_roasting/,i think your CV is impressive.
https://www.reddit.com/r/Resume/comments/196sjj6/please_roast_my_resume_swe/,"Maybe an Objectives section, but it looks good."
https://www.reddit.com/r/Resume/comments/196sjj6/please_roast_my_resume_swe/,"It's good! For some reason I would recommend you add a summary about: who you are, what you do, what are your strong foundations, what are your achievements, and what you seek (what you mostly liked to have an encounter)."
https://www.reddit.com/r/Resume/comments/18ou8vn/rate_my_resume/,"Okay, here are my observations:
‚Ä¢ No professional summary
‚Ä¢ Improper formatting: since you have few years of working experience, your leadership section is supposed to come after your education section.
‚Ä¢ Your work experience does not talk about your achievements... it's role centered.
‚Ä¢ There is no overview for each job you did
‚Ä¢ Your projects should have timeline (duration) too

All I can see with a glance though. You might also want to consider if your resume is targeted."
https://www.reddit.com/r/Resume/comments/bg9q8m/it_server_systems_engineer_needs_a_resume_roast/,"This format is extremely uneconomical. You're wasting so much space on your resume. Based on your career history you are underselling yourself to the point of not being competitive. There are spelling and grammar errors throughout and you use the wrong verb tense in a few spots. 

Do you have any more accomplishments or metrics? Especially for your most recent role? 

Do you have a degree?

Overall, you need to better develop the content."
https://www.reddit.com/r/Resume/comments/bg9q8m/it_server_systems_engineer_needs_a_resume_roast/,anyone have any feedback on this?  Please?  I need to get shopping for headhunters.
https://www.reddit.com/r/Resume/comments/1bfg4su/i_have_made_a_single_column_one_but_cant_fit_in/,"The first one is much better in my opinion. If you absolutely need more room it‚Äôs okay to exceed one page.

I think you would do find just sending the first one out as isü§∑‚Äç‚ôÇÔ∏è"
https://www.reddit.com/r/Resume/comments/xgkc46/cv_advice_eu/,"- Remove the icons at the top 
- Remove the exclamation mark 
- Add a bit more direct information on your summary. It looks too mundane and typical. Nothing special here. 
- Add more numbers and metrics to quantify 
- Explain how you used those skills to achieve things. 
- Use power verbs advised by Harvard: https://hwpi.harvard.edu/files/ocs/files/hes-resume-cover-letter-guide.pdf
- Run it through the ResumeWorded website and see what score you get. Try to improve it based on the recommendations given."
https://www.reddit.com/r/Resume/comments/xgkc46/cv_advice_eu/,"Hi u/Plastic-List-3272, looks like you might be seeking resume guidance. Most of our posts are from people seeking feedback. Most of the questions can be answered by reading the articles in the sidebar:

‚Æö [I am a Professional Resume Writer and Career Coach - Here are Some Tips](http://www.reddit.com/r/Resume/comments/bg4hmi/i_am_a_professional_resume_writer_and_career/)

‚Æö [Jason's Lean Resume Guide](http://www.reddit.com/r/Resume/wiki/jasons_resume_guide)

‚Æö [A Step-by-Step Guide for the Entry-Level Resume (College Grads / Internship Seekers)](http://www.reddit.com/r/Resume/comments/dqvqi7/a_stepbystep_guide_for_the_entrylevel_resume/)

‚Æö [The Number One Problem](https://www.reddit.com/r/Resume/wiki/jasons_resume_guide/bullets) that most resumes have.

‚Æö [So You're Thinking of Hiring a Resume Writer - Here is What You Should Know](http://www.reddit.com/r/Resume/comments/cizmia/so_youre_thinking_of_hiring_a_resume_writer_here/)

WARNING: We have noticed a recent uptick in spam for task sites like Taskrabbit or Fiverr. NEVER hire someone who directly messages you to solicit services based on your resume post. In-demand and high-quality resume writers do not need to seek out new business through farming r/resume. If you have any questions, feel free to DM the mods.

*I am a bot, and this action was performed automatically. Please [contact the moderators of this subreddit](/message/compose/?to=/r/Resume) if you have any questions or concerns.*"
https://www.reddit.com/r/Resume/comments/v49uur/roast_my_resume/,"Hi u/mjuelez, looks like you might be seeking resume guidance. Most of our posts are from people seeking feedback. Most of the questions can be answered by reading the articles in the sidebar:

‚Æö [I am a Professional Resume Writer and Career Coach - Here are Some Tips](http://www.reddit.com/r/Resume/comments/bg4hmi/i_am_a_professional_resume_writer_and_career/)

‚Æö [Jason's Lean Resume Guide](http://www.reddit.com/r/Resume/wiki/jasons_resume_guide)

‚Æö [A Step-by-Step Guide for the Entry-Level Resume (College Grads / Internship Seekers)](http://www.reddit.com/r/Resume/comments/dqvqi7/a_stepbystep_guide_for_the_entrylevel_resume/)

‚Æö [The Number One Problem](https://www.reddit.com/r/Resume/wiki/jasons_resume_guide/bullets) that most resumes have.

‚Æö [So You're Thinking of Hiring a Resume Writer - Here is What You Should Know](http://www.reddit.com/r/Resume/comments/cizmia/so_youre_thinking_of_hiring_a_resume_writer_here/)

WARNING: We have noticed a recent uptick in spam for task sites like Taskrabbit or Fiverr. NEVER hire someone who directly messages you to solicit services based on your resume post. In-demand and high-quality resume writers do not need to seek out new business through farming r/resume. If you have any questions, feel free to DM the mods.

*I am a bot, and this action was performed automatically. Please [contact the moderators of this subreddit](/message/compose/?to=/r/Resume) if you have any questions or concerns.*"
